{
  "White": {
    "frequencies": [
      26.273231506347656,
      26.273231506347656,
      96.88050079345703,
      121.50914001464844,
      321.3804931640625,
      640,
      1250.6544189453125,
      2576.814697265625,
      4845.7451171875,
      11283.9775390625,
      18061.95703125
    ],
    "gains": [
      -27.778331756591797,
      -18.578332901000977,
      -10.578332901000977,
      -5.378332614898682,
      -2.778332471847534,
      0,
      0.821667492389679,
      0.6216675043106079,
      -5.378332614898682,
      -10.378332138061523,
      -28.578332901000977
    ],
    "qs": [
      0.707099974155426,
      0.707099974155426,
      0.707099974155426,
      0.707099974155426,
      0.707099974155426,
      0.707099974155426,
      0.707099974155426,
      0.707099974155426,
      0.707099974155426,
      0.707099974155426,
      0.707099974155426
    ]
  }
}
