{
  "Wind": {
    "frequencies": [
      154.0817413330078,
      176.53036499023438,
      80.4780044555664,
      118.56315612792969,
      291.6404724121094,
      505.5511779785156,
      1194.669677734375,
      2508.93896484375,
      5471.6044921875,
      8695.8955078125,
      8055.9560546875
    ],
    "gains": [
      -29.378334045410156,
      -9.178333282470703,
      -21.97833251953125,
      -13.978333473205566,
      -5.178333282470703,
      0.4216667115688324,
      1.621666669845581,
      -2.178333282470703,
      -6.578333377838135,
      -12.578332901000977,
      -28.578332901000977
    ],
    "qs": [
      0.707099974155426,
      0.707099974155426,
      0.707099974155426,
      0.707099974155426,
      0.707099974155426,
      0.707099974155426,
      0.707099974155426,
      0.707099974155426,
      0.707099974155426,
      0.707099974155426,
      0.707099974155426
    ]
  },
  "White": {
    "frequencies": [
      26.273231506347656,
      26.273231506347656,
      96.88050079345703,
      121.50914001464844,
      321.3804931640625,
      640,
      1250.6544189453125,
      2576.814697265625,
      4845.7451171875,
      11283.9775390625,
      18061.95703125
    ],
    "gains": [
      -27.778331756591797,
      -18.578332901000977,
      -10.578332901000977,
      -5.378332614898682,
      -2.778332471847534,
      0,
      0.821667492389679,
      0.6216675043106079,
      -5.378332614898682,
      -10.378332138061523,
      -28.578332901000977
    ],
    "qs": [
      0.707099974155426,
      0.707099974155426,
      0.707099974155426,
      0.707099974155426,
      0.707099974155426,
      0.707099974155426,
      0.707099974155426,
      0.707099974155426,
      0.707099974155426,
      0.707099974155426,
      0.707099974155426
    ]
  }
}
