{
  "Voice": {
    "frequencies": [
      154.0817413330078,
      176.53036499023438,
      59.022281646728516,
      107.31158447265625,
      291.6404724121094,
      532.040283203125,
      1244.9691162109375,
      2567.034912109375,
      5681.28369140625,
      7987.09814453125,
      8478.498046875
    ],
    "gains": [
      -29.378334045410156,
      -9.178333282470703,
      -24.178333282470703,
      -17.77833366394043,
      -3.378333330154419,
      1.621666669845581,
      3.4216666221618652,
      0.8216667175292969,
      -4.7783331871032715,
      -15.77833366394043,
      -29.77833366394043
    ],
    "qs": [
      0.707099974155426,
      0.707099974155426,
      0.707099974155426,
      0.707099974155426,
      0.707099974155426,
      0.707099974155426,
      0.707099974155426,
      0.707099974155426,
      0.707099974155426,
      0.707099974155426,
      0.707099974155426
    ]
  },
  "Wind": {
    "frequencies": [
      154.0817413330078,
      176.53036499023438,
      80.4780044555664,
      118.56315612792969,
      291.6404724121094,
      505.5511779785156,
      1194.669677734375,
      2656.063232421875,
      5217.73046875,
      10759.7138671875,
      11283.9775390625
    ],
    "gains": [
      -29.378334045410156,
      -9.178333282470703,
      -21.97833251953125,
      -13.978333473205566,
      -5.178333282470703,
      0.4216667115688324,
      1.621666669845581,
      1.621666669845581,
      -4.37833309173584,
      -12.978333473205566,
      -29.77833366394043
    ],
    "qs": [
      0.707099974155426,
      0.707099974155426,
      0.707099974155426,
      0.707099974155426,
      0.707099974155426,
      0.707099974155426,
      0.707099974155426,
      0.707099974155426,
      0.707099974155426,
      0.707099974155426,
      0.707099974155426
    ]
  },
  "White": {
    "frequencies": [
      26.273231506347656,
      26.273231506347656,
      96.88050079345703,
      121.50914001464844,
      321.3804931640625,
      640,
      1250.6544189453125,
      2576.814697265625,
      4845.7451171875,
      11283.9775390625,
      18061.95703125
    ],
    "gains": [
      -27.778331756591797,
      -18.578332901000977,
      -10.578332901000977,
      -5.378332614898682,
      -2.778332471847534,
      0,
      0.821667492389679,
      0.6216675043106079,
      -5.378332614898682,
      -10.378332138061523,
      -28.578332901000977
    ],
    "qs": [
      0.707099974155426,
      0.707099974155426,
      0.707099974155426,
      0.707099974155426,
      0.707099974155426,
      0.707099974155426,
      0.707099974155426,
      0.707099974155426,
      0.707099974155426,
      0.707099974155426,
      0.707099974155426
    ]
  },
  "Min": {
    "frequencies": [
      21.867250442504883,
      49.30747985839844,
      94.3961181640625,
      168.79217529296875,
      340.2825927734375,
      669.67041015625,
      1368.50341796875,
      2537.8623046875,
      5021.07763671875,
      10089.3740234375,
      11827.1689453125
    ],
    "gains": [
      -29.231664657592773,
      -10.231664657592773,
      -4.631665229797363,
      -1.0316650867462158,
      1.568334937095642,
      1.9683349132537842,
      1.3683350086212158,
      -1.8316650390625,
      -5.031664848327637,
      -6.631665229797363,
      -29.8316650390625
    ],
    "qs": [
      0.707099974155426,
      0.707099974155426,
      0.707099974155426,
      0.707099974155426,
      0.707099974155426,
      0.707099974155426,
      0.707099974155426,
      0.707099974155426,
      0.707099974155426,
      0.707099974155426,
      0.707099974155426
    ]
  }
}
