{
  "Voice": {
    "frequencies": [
      154.0817413330078,
      176.53036499023438,
      59.022281646728516,
      107.31158447265625,
      291.6404724121094,
      532.040283203125,
      1244.9691162109375,
      2567.034912109375,
      5681.28369140625,
      7987.09814453125,
      8478.498046875
    ],
    "gains": [
      -29.378334045410156,
      -9.178333282470703,
      -24.178333282470703,
      -17.77833366394043,
      -3.378333330154419,
      1.621666669845581,
      3.4216666221618652,
      0.8216667175292969,
      -4.7783331871032715,
      -15.77833366394043,
      -29.77833366394043
    ],
    "qs": [
      0.707099974155426,
      0.707099974155426,
      0.707099974155426,
      0.707099974155426,
      0.707099974155426,
      0.707099974155426,
      0.707099974155426,
      0.707099974155426,
      0.707099974155426,
      0.707099974155426,
      0.707099974155426
    ]
  },
  "Wind": {
    "frequencies": [
      154.0817413330078,
      161.31121826171875,
      68.15886688232422,
      101.99606323242188,
      291.6404724121094,
      627.9066772460938,
      1194.669677734375,
      2656.063232421875,
      5217.73046875,
      10759.7138671875,
      11283.9775390625
    ],
    "gains": [
      -29.378334045410156,
      -4.37833309173584,
      -19.77833366394043,
      -11.77833366394043,
      1.221666693687439,
      1.621666669845581,
      1.621666669845581,
      1.621666669845581,
      -4.37833309173584,
      -12.978333473205566,
      -29.77833366394043
    ],
    "qs": [
      0.707099974155426,
      0.707099974155426,
      0.707099974155426,
      0.707099974155426,
      0.707099974155426,
      0.707099974155426,
      0.707099974155426,
      0.707099974155426,
      0.707099974155426,
      0.707099974155426,
      0.707099974155426
    ]
  },
  "White": {
    "frequencies": [
      26.273231506347656,
      26.273231506347656,
      96.88050079345703,
      121.50914001464844,
      321.3804931640625,
      640,
      1250.6544189453125,
      2576.814697265625,
      4845.7451171875,
      11283.9775390625,
      18061.95703125
    ],
    "gains": [
      -27.778331756591797,
      -18.578332901000977,
      -10.578332901000977,
      -5.378332614898682,
      -2.778332471847534,
      0,
      0.821667492389679,
      0.6216675043106079,
      -5.378332614898682,
      -10.378332138061523,
      -28.578332901000977
    ],
    "qs": [
      0.707099974155426,
      0.707099974155426,
      0.707099974155426,
      0.707099974155426,
      0.707099974155426,
      0.707099974155426,
      0.707099974155426,
      0.707099974155426,
      0.707099974155426,
      0.707099974155426,
      0.707099974155426
    ]
  },
  "Min": {
    "frequencies": [
      21.867250442504883,
      49.30747985839844,
      94.3961181640625,
      168.79217529296875,
      340.2825927734375,
      669.67041015625,
      1368.50341796875,
      2537.8623046875,
      5021.07763671875,
      10089.3740234375,
      11827.1689453125
    ],
    "gains": [
      -29.231664657592773,
      -10.231664657592773,
      -4.631665229797363,
      -1.0316650867462158,
      1.568334937095642,
      1.9683349132537842,
      1.3683350086212158,
      -1.8316650390625,
      -5.031664848327637,
      -6.631665229797363,
      -29.8316650390625
    ],
    "qs": [
      0.707099974155426,
      0.707099974155426,
      0.707099974155426,
      0.707099974155426,
      0.707099974155426,
      0.707099974155426,
      0.707099974155426,
      0.707099974155426,
      0.707099974155426,
      0.707099974155426,
      0.707099974155426
    ]
  },
  "Max": {
    "frequencies": [
      154.0817413330078,
      210.1730499267578,
      1228.029541015625,
      143.69656372070312,
      315.2583923339844,
      627.9066772460938,
      1262.0833740234375,
      2716.6884765625,
      5628.30859375,
      9926.80078125,
      6137.41796875
    ],
    "gains": [
      -29.378334045410156,
      -11.178333282470703,
      -14.77833366394043,
      -19.77833366394043,
      -6.578333377838135,
      -1.778333306312561,
      0.4216667115688324,
      -5.178333282470703,
      -13.37833309173584,
      -25.97833251953125,
      -29.178333282470703
    ],
    "qs": [
      0.707099974155426,
      0.707099974155426,
      0.707099974155426,
      0.707099974155426,
      0.707099974155426,
      0.707099974155426,
      0.707099974155426,
      0.707099974155426,
      0.707099974155426,
      0.707099974155426,
      0.707099974155426
    ]
  },
  "Boost": {
    "frequencies": [
      7.620680332183838,
      38.4488639831543,
      70.36929321289062,
      165.51918029785156,
      354.22265625,
      681.8732299804688,
      1624.8218994140625,
      2660.072998046875,
      4382.1123046875,
      7266.96630859375,
      9092.671875
    ],
    "gains": [
      -28.578332901000977,
      4.62166690826416,
      3.821666717529297,
      3.621666669845581,
      5.421666622161865,
      7.2216668128967285,
      6.021666526794434,
      3.821666717529297,
      -1.778333306312561,
      -12.178333282470703,
      -29.378334045410156
    ],
    "qs": [
      0.707099974155426,
      0.707099974155426,
      0.707099974155426,
      0.707099974155426,
      0.707099974155426,
      0.707099974155426,
      0.707099974155426,
      0.707099974155426,
      0.707099974155426,
      0.707099974155426,
      0.707099974155426
    ]
  },
  "Wind2": {
    "frequencies": [
      59.022281646728516,
      176.53036499023438,
      87.22901916503906,
      118.56315612792969,
      303.27703857421875,
      627.9066772460938,
      1424.1689453125,
      2626.1337890625,
      5217.73046875,
      10932.392578125,
      11283.9775390625
    ],
    "gains": [
      -29.778331756591797,
      -6.578332424163818,
      -19.578332901000977,
      -11.778332710266113,
      -0.97833251953125,
      0.6216675043106079,
      2.02166748046875,
      -0.5783325433731079,
      -4.378332614898682,
      -12.578332901000977,
      -29.77833366394043
    ],
    "qs": [
      0.707099974155426,
      0.707099974155426,
      0.707099974155426,
      0.707099974155426,
      0.707099974155426,
      0.707099974155426,
      0.707099974155426,
      0.707099974155426,
      0.707099974155426,
      0.707099974155426,
      0.707099974155426
    ]
  },
  "Street Voice": {
    "frequencies": [
      18.278345108032227,
      39.97634506225586,
      74.81312561035156,
      235.1293182373047,
      544.1415405273438,
      775.2037963867188,
      1338.292236328125,
      2560,
      5135.10302734375,
      10532.66796875,
      13918.6220703125
    ],
    "gains": [
      -28.97833251953125,
      -5.578333377838135,
      2.4216666221618652,
      5.821666717529297,
      6.021666526794434,
      3.0216667652130127,
      6.021666526794434,
      0,
      -5.578333377838135,
      -5.578333377838135,
      -29.378334045410156
    ],
    "qs": [
      0.707099974155426,
      0.707099974155426,
      0.707099974155426,
      0.707099974155426,
      0.707099974155426,
      0.707099974155426,
      0.707099974155426,
      0.707099974155426,
      0.707099974155426,
      0.707099974155426,
      0.707099974155426
    ]
  },
  "Street 2": {
    "frequencies": [
      18.278345108032227,
      20.269969940185547,
      59.022281646728516,
      161.31121826171875,
      488.4498291015625,
      845.08056640625,
      1443.09619140625,
      2747.387451171875,
      5135.10302734375,
      10532.66796875,
      13918.6220703125
    ],
    "gains": [
      -28.97833251953125,
      -15.978333473205566,
      -5.7783331871032715,
      -2.378333330154419,
      0.4216667115688324,
      -0.5783332586288452,
      -2.178333282470703,
      -0.5783332586288452,
      -5.578333377838135,
      -5.578333377838135,
      -29.378334045410156
    ],