{
  "Voice": {
    "frequencies": [
      154.0817413330078,
      197.03965759277344,
      64.3856430053711,
      118.56315612792969,
      303.27703857421875,
      532.040283203125,
      1244.9691162109375,
      2567.034912109375,
      5681.28369140625,
      10007.83984375,
      12678.4345703125
    ],
    "gains": [
      -29.378334045410156,
      -5.578333377838135,
      -18.178333282470703,
      -12.178333282470703,
      -1.378333330154419,
      1.621666669845581,
      3.4216666221618652,
      0.8216667175292969,
      -4.7783331871032715,
      -12.578332901000977,
      -28.97833251953125
    ],
    "qs": [
      0.707099974155426,
      0.707099974155426,
      0.707099974155426,
      0.707099974155426,
      0.707099974155426,
      0.707099974155426,
      0.707099974155426,
      0.707099974155426,
      0.707099974155426,
      0.707099974155426,
      0.707099974155426
    ]
  }
}
